Cts 04 Oca 2025 13:38:53 +03,ADMİN,Hatalı giriş
Cts 04 Oca 2025 14:47:49 +03,admin,Hatalı giriş
Cts 04 Oca 2025 15:38:57 +03,rafıks,Hatalı giriş
Cts 04 Oca 2025 15:39:03 +03,rafık,Hatalı giriş
Cts 04 Oca 2025 15:39:10 +03,rafıks,Hatalı giriş
Cts 04 Oca 2025 15:40:16 +03,rafık,Hatalı giriş
Cts 04 Oca 2025 15:40:22 +03,rafıks,Hatalı giriş
Cts 04 Oca 2025 15:50:35 +03,burak,Hatalı giriş
Cts 04 Oca 2025 15:50:43 +03,admin,Hatalı giriş
Cts 04 Oca 2025 15:50:48 +03,admin,Hatalı giriş
Cts 04 Oca 2025 15:50:58 +03,burak,Hatalı giriş
Cts 04 Oca 2025 15:51:07 +03,admin,Hatalı giriş
Cts 04 Oca 2025 15:51:14 +03,burak,Hatalı giriş
Cts 04 Oca 2025 15:53:22 +03,furkan,Hatalı giriş
Cts 04 Oca 2025 15:53:28 +03,furkan,Hatalı giriş
Cts 04 Oca 2025 15:53:34 +03,burak,Hatalı giriş
Cts 04 Oca 2025 15:57:18 +03,nabi,Hatalı giriş
Paz 05 Oca 2025 01:56:51 +03, Hatalı giriş, Kullanıcı: admin, Parola: 123
Paz 05 Oca 2025 01:56:55 +03, Hatalı giriş, Kullanıcı: , Parola: 
Paz 05 Oca 2025 14:25:52 +03,admin,Hatalı giriş
Paz 05 Oca 2025 14:26:01 +03,admin,Hatalı giriş
Paz 05 Oca 2025 14:26:34 +03,admin,Hatalı giriş
Paz 05 Oca 2025 15:51:28 +03,admin,Hatalı giriş
Paz 05 Oca 2025 15:51:35 +03,admin,Hatalı giriş
Paz 05 Oca 2025 15:51:52 +03,admin,Hatalı giriş
Paz 05 Oca 2025 15:52:18 +03,admin,Hatalı giriş
Paz 05 Oca 2025 16:13:11 +03,admin,Hatalı giriş
Paz 05 Oca 2025 16:13:16 +03,admin,Hatalı giriş
Paz 05 Oca 2025 16:23:43 +03,admin,Hatalı giriş
Paz 05 Oca 2025 16:34:48 +03,rafıkr,Hatalı giriş
Paz 05 Oca 2025 16:49:21 +03,admin,Hatalı giriş
Paz 05 Oca 2025 17:06:48 +03,safads,Hatalı giriş
Paz 05 Oca 2025 17:06:51 +03,sdfdsfds,Hatalı giriş
Paz 05 Oca 2025 17:06:54 +03,sdfdsfdsf,Hatalı giriş
Paz 05 Oca 2025 17:06:54 +03,sdfdsfdsf,Hesap kilitlendi
Paz 05 Oca 2025 17:54:44 +03,rafık,Hatalı giriş
Paz 05 Oca 2025 17:54:58 +03,rafık,Hatalı giriş
Paz 05 Oca 2025 17:55:02 +03,rafık,Hatalı giriş
Paz 05 Oca 2025 17:55:05 +03,rafık,Hatalı giriş
Paz 05 Oca 2025 17:58:18 +03,admin,Hatalı giriş
Paz 05 Oca 2025 18:03:03 +03,admin,Hatalı giriş
Paz 05 Oca 2025 18:06:09 +03,admin,Hatalı giriş
Paz 05 Oca 2025 18:06:47 +03,rafık,Hatalı giriş
Paz 05 Oca 2025 18:06:50 +03,rafık,Hatalı giriş
Paz 05 Oca 2025 18:06:54 +03,rafık,Hatalı giriş
Paz 05 Oca 2025 18:21:27 +03,admin,Hatalı giriş
Paz 05 Oca 2025 18:41:20 +03,admin,Hatalı giriş
Paz 05 Oca 2025 18:41:25 +03,admin,Hatalı giriş
2025-01-05 18:49:36 - Ürün silindi: koko
2025-01-05 19:07:26 - Ürün Eklendi: muz, Stok: 45, Fiyat: 65, Kategori: meyve
2025-01-05 19:07:40 - Ürün Ekleme Hatası: 'muz' zaten mevcut.
2025-01-05 19:08:29 - Ürün silindi: muz
2025-01-05 19:09:26 - Ürün Ekleme Hatası: 'armut' zaten mevcut.
2025-01-05 19:47:00 - Ürün Eklendi: ceptelefonu, Stok: 23, Fiyat: 565, Kategori: teknoloji
Paz 05 Oca 2025 20:12:21 +03,admin,Hatalı giriş
Paz 05 Oca 2025 20:21:34 +03,rafık,Hatalı giriş
Paz 05 Oca 2025 20:21:38 +03,rafık,Hatalı giriş
2025-01-05 22:08:38 - Ürün Ekleme Hatası: 'ceptelefonu' zaten mevcut.
2025-01-05 22:09:01 - Ürün Eklendi: bilgisayar, Stok: 56, Fiyat: 59999, Kategori: teknoloji
2025-01-05 22:10:15 - Ürün güncellendi: bilgisayar
2025-01-05 22:11:14 - Ürün silindi: bilgisayar
2025-01-05 22:12:19 - Ürün silindi: süt
Paz 05 Oca 2025 22:30:09 +03,admin,Hatalı giriş
Paz 05 Oca 2025 22:32:49 +03,mehmet,Hatalı giriş
Paz 05 Oca 2025 22:32:55 +03,mehmet,Hatalı giriş
Paz 05 Oca 2025 22:32:59 +03,mehmet,Hatalı giriş
Paz 05 Oca 2025 22:34:18 +03,mehmet,Hatalı giriş
Paz 05 Oca 2025 22:34:22 +03,mehmet,Hatalı giriş
Paz 05 Oca 2025 22:34:26 +03,mehmet,Hatalı giriş
